,street,zipcode,price,sq,rooms,gestoffeerd,available
https://www.woonnet.nl/huurwoning/amsterdam/5364_jasper-leijnsenstraat,Jasper Leijnsenstraat ,1056 XW,700.0,52,3,Gestoffeerd,15-04-2020
https://www.woonnet.nl/huurwoning/amsterdam/2866_admiraal-de-ruijterweg,Admiraal De Ruijterweg ,1055 MR,613.0,135,4,Gestoffeerd,15-04-2020
https://www.woonnet.nl/huurwoning/amsterdam/8591_appartement-admiraal,Admiraal De Ruijterweg ,1057 JT,733.0,73,3,Gestoffeerd,15-04-2020
https://www.woonnet.nl/huurwoning/amsterdam/8711_admiraal-de-ruijterweg,Admiraal De Ruijterweg ,1057 JW,1300.0,77,2,Gestoffeerd,01-05-2020
https://www.woonnet.nl/huurwoning/amsterdam/9467459_derde-wittenburgerdwarsstraat,Derde Wittenburgerdwarsstraat ,1018 KR,1575.0,60,2,Gestoffeerd,beschikbaar
https://www.woonnet.nl/huurwoning/amsterdam/1465_van-woustraat,Van Woustraat ,1073 LM,750.0,55,2,Gestoffeerd,01-05-2020
https://www.woonnet.nl/huurwoning/amsterdam/8741_lorreinenstraat,Lorreinenstraat ,1055 DA,745.0,55,2,Gestoffeerd,15-04-2020
https://www.woonnet.nl/huurwoning/amsterdam/9437519_rooswijck,Rooswijck ,1081 AJ,1600.0,76,99,Per direct beschikbaar,gratis!</span>
https://www.woonnet.nl/huurwoning/amsterdam/8972_scheldestraat,Scheldestraat ,1078 GH,1150.0,75,3,Gestoffeerd,15-04-2020
https://www.woonnet.nl/huurwoning/amsterdam/8993_wijenburg,Wijenburg ,1082 VZ,687.0,67,3,Gestoffeerd,15-04-2020
https://www.woonnet.nl/huurwoning/amsterdam/2431_afroditekade,Afroditekade ,1076 DP,1225.0,75,2,Gestoffeerd,beschikbaar
https://www.woonnet.nl/huurwoning/amsterdam/6905_assumburg,Assumburg ,1081 GC,625.0,100,4,Gestoffeerd,15-04-2020
https://www.woonnet.nl/huurwoning/amsterdam/6149062_bloemstraat,Bloemstraat ,1016 KV,1600.0,52,2,Gestoffeerd,beschikbaar
https://www.woonnet.nl/huurwoning/amsterdam/6691_roerstraat,Roerstraat ,1078 LR,750.0,90,3,Gestoffeerd,beschikbaar
https://www.woonnet.nl/huurwoning/amsterdam/9322384_pieter-cornelisz-hooftstraat,Pieter Cornelisz. Hooftstraat ,1071 CH,1500.0,75,99,onbekend,onbekend
https://www.woonnet.nl/huurwoning/amsterdam/6523_staalmeesterslaan,Staalmeesterslaan ,1057 PG,1170.0,85,3,Gestoffeerd,beschikbaar
https://www.woonnet.nl/huurwoning/amsterdam/1532_staalmeesterslaan,Staalmeesterslaan ,1057 NG,1375.0,95,3,Gestoffeerd,beschikbaar
https://www.woonnet.nl/huurwoning/amsterdam/7225_juliana-van-stolbergstraat,Juliana van Stolbergstraat ,1055 RN,675.0,56,2,Gestoffeerd,beschikbaar
https://www.woonnet.nl/huurwoning/amsterdam/9217718_bilderdijkstraat,Bilderdijkstraat ,1052 NA,1500.0,60,2,Beschikbaar per: 2020-05-01,gratis!</span>
https://www.woonnet.nl/huurwoning/amsterdam/6071_admiraal-de-ruijterweg,Admiraal De Ruijterweg ,1055 ND,1500.0,56,2,Gestoffeerd,beschikbaar
https://www.woonnet.nl/huurwoning/amsterdam/3549_eerste-van-swindenstraat,Eerste Van Swindenstraat ,1093 GB,1405.0,68,2,Gestoffeerd,beschikbaar
https://www.woonnet.nl/huurwoning/amsterdam/7393_gloriantstraat,Gloriantstraat ,1055 CV,700.0,55,3,Gestoffeerd,beschikbaar
https://www.woonnet.nl/huurwoning/amsterdam/8155_weesperstraat,Weesperstraat ,1018 DN,737.0,72,2,Gestoffeerd,beschikbaar
https://www.woonnet.nl/huurwoning/amsterdam/8997636_haarlemmermeerstraat,Haarlemmermeerstraat ,1058 JP,1599.0,62,2,Gestoffeerd,beschikbaar
https://www.woonnet.nl/huurwoning/amsterdam/1641_krooswijkhof,Krooswijkhof ,1083 JA,1350.0,93,2,Gestoffeerd,beschikbaar
https://www.woonnet.nl/huurwoning/amsterdam/8941_haarlemmer-houttuinen,Haarlemmer Houttuinen ,1013 GM,1550.0,93,3,Gestoffeerd,beschikbaar
https://www.woonnet.nl/huurwoning/amsterdam/3238_woestduinstraat,Woestduinstraat ,1058 TG,1525.0,60,2,Gestoffeerd,beschikbaar
https://www.woonnet.nl/huurwoning/amsterdam/8682_baetostraat,Baetostraat ,1055 EP,1500.0,60,2,Gestoffeerd,beschikbaar
https://www.woonnet.nl/huurwoning/amsterdam/1467_mauvestraat,Mauvestraat ,1073 RH,1450.0,60,2,Gestoffeerd,beschikbaar
https://www.woonnet.nl/huurwoning/amsterdam/2115_commelinstraat,Commelinstraat ,1093 TG,775.0,78,2,Gestoffeerd,beschikbaar
https://www.woonnet.nl/huurwoning/amsterdam/7824_van-heenvlietlaan,Van Heenvlietlaan ,1083 CM,717.0,121,3,Gestoffeerd,beschikbaar
https://www.woonnet.nl/huurwoning/amsterdam/6443_bilderdijkkade,Bilderdijkkade ,1053 VB,1500.0,80,2,Gestoffeerd,beschikbaar
https://www.woonnet.nl/huurwoning/amsterdam/2550_sumatrastraat,Sumatrastraat ,1094 NG,1350.0,50,2,Gestoffeerd,beschikbaar
https://www.woonnet.nl/huurwoning/amsterdam/8630466_bloys-van-treslongstraat,Bloys Van Treslongstraat ,1056 XA,1600.0,51,2,Per direct beschikbaar,gratis!</span>
https://www.woonnet.nl/huurwoning/amsterdam/5502_uiterwaardenstraat,Uiterwaardenstraat ,1059 BS,725.0,55,2,Gestoffeerd,beschikbaar
https://www.woonnet.nl/huurwoning/amsterdam/3665_john-blankensteinstraat,John Blankensteinstraat ,1095 MB,1134.0,73,2,Gestoffeerd,beschikbaar
https://www.woonnet.nl/huurwoning/amsterdam/8407158_oldengaarde,Oldengaarde ,1083 TC,1550.0,71,2,Per direct beschikbaar,gratis!</span>
https://www.woonnet.nl/huurwoning/amsterdam/4122_utrechtsestraat,Utrechtsestraat ,1017 VS,750.0,75,2,Gestoffeerd,beschikbaar
https://www.woonnet.nl/huurwoning/amsterdam/7931700_marco-polostraat,Marco Polostraat ,1057 WL,1525.0,60,2,Gestoffeerd,beschikbaar
https://www.woonnet.nl/huurwoning/amsterdam/3733_vespuccistraat,Vespuccistraat ,1056 SV,700.0,92,4,Gestoffeerd,beschikbaar
https://www.woonnet.nl/huurwoning/amsterdam/7803138_orteliusstraat,Orteliusstraat 17 - S,1057 AR,1000.0,999,99,onbekend,onbekend
https://www.woonnet.nl/huurwoning/amsterdam/6649946_vrolikstraat,Vrolikstraat ,1091 VG,1600.0,60,2,Gemeubileerd,beschikbaar
https://www.woonnet.nl/huurwoning/amsterdam/7199335_wagenaarstraat,Wagenaarstraat ,1093 CN,1600.0,65,2,Gemeubileerd,beschikbaar
https://www.woonnet.nl/huurwoning/amsterdam/7503_dever,Dever ,1082 BK,1150.0,76,2,Gestoffeerd,beschikbaar
https://www.woonnet.nl/huurwoning/amsterdam/8135_van-bossestraat,Van Bossestraat ,1051 KB,763.0,50,2,Gestoffeerd,beschikbaar
https://www.woonnet.nl/huurwoning/amsterdam/3132_kinkerstraat,Kinkerstraat ,1053 GJ,725.0,52,2,Gestoffeerd,beschikbaar
https://www.woonnet.nl/huurwoning/amsterdam/6947900_balistraat,Balistraat ,1094,1500.0,51,2,Gemeubileerd,beschikbaar
https://www.woonnet.nl/huurwoning/amsterdam/2155_jacob-van-lennepkade,Jacob van Lennepkade ,1054 ZW,725.0,65,2,Gestoffeerd,beschikbaar
https://www.woonnet.nl/huurwoning/amsterdam/9187_paramaribostraat,Paramaribostraat ,1058 AN,617.0,85,3,Gestoffeerd,beschikbaar
https://www.woonnet.nl/huurwoning/amsterdam/5753_sassenheimstraat,Sassenheimstraat ,1059 BL,675.0,55,2,Gestoffeerd,beschikbaar
https://www.woonnet.nl/huurwoning/amsterdam/2440_dever,Dever ,1082 BJ,1245.0,50,2,Gestoffeerd,beschikbaar
https://www.woonnet.nl/huurwoning/amsterdam/6497379_pieter-cornelisz-hooftstraat,Pieter Cornelisz. Hooftstraat ,1071 BL,595.0,999,99,onbekend,onbekend
https://www.woonnet.nl/huurwoning/amsterdam/6498451_kerkstraat,Kerkstraat ,1017 GA,325.0,999,99,onbekend,onbekend
https://www.woonnet.nl/huurwoning/amsterdam/1985_s-gravesandeplein,'s-Gravesandeplein ,1091 BB,1350.0,60,2,Gestoffeerd,beschikbaar
https://www.woonnet.nl/huurwoning/amsterdam/3228_leimuidenstraat,Leimuidenstraat ,1059 EK,1500.0,55,2,Gestoffeerd,beschikbaar
https://www.woonnet.nl/huurwoning/amsterdam/4294359_nedersticht,Nedersticht ,1083 VL,1500.0,70,2,Gemeubileerd,beschikbaar
https://www.woonnet.nl/huurwoning/amsterdam/6243914_kijkduinstraat,Kijkduinstraat ,1055 DR,1500.0,53,2,Gemeubileerd,beschikbaar
https://www.woonnet.nl/huurwoning/amsterdam/3977463_juliana-van-stolbergstraat,Juliana Van Stolbergstraat ,1055 RG,1550.0,55,2,Gemeubileerd,beschikbaar
https://www.woonnet.nl/huurwoning/amsterdam/5788259_orteliuskade,Orteliuskade ,1057 AP,1500.0,56,2,Gestoffeerd,2021-06-12
https://www.woonnet.nl/huurwoning/amsterdam/2286_assumburg,Assumburg ,1081 GC,665.0,77,3,Gestoffeerd,beschikbaar
https://www.woonnet.nl/huurwoning/amsterdam/8096_haarlemmermeerstraat,Haarlemmermeerstraat ,1058 JX,750.0,60,2,Gestoffeerd,beschikbaar
https://www.woonnet.nl/huurwoning/amsterdam/4179055_grensstraat,Grensstraat ,1091 SZ,1110.0,52,99,onbekend,onbekend
https://www.woonnet.nl/huurwoning/amsterdam/3085_warmondstraat,Warmondstraat ,1058 KZ,1399.0,85,2,Gestoffeerd,beschikbaar
https://www.woonnet.nl/huurwoning/amsterdam/3921978_van-boshuizenstraat,Van Boshuizenstraat ,1083 AP,1550.0,75,2,Gemeubileerd,beschikbaar
https://www.woonnet.nl/huurwoning/amsterdam/3398569_griseldestraat,Griseldestraat ,1055 AR,1600.0,58,2,Gemeubileerd,beschikbaar
https://www.woonnet.nl/huurwoning/amsterdam/1643182_bos-en-lommerweg,Bos En Lommerweg ,1055 PK,1150.0,50,2,Gemeubileerd,beschikbaar
https://www.woonnet.nl/huurwoning/amsterdam/2400350_griseldestraat,Griseldestraat ,1055 AR,1600.0,58,2,Gemeubileerd,beschikbaar
https://www.woonnet.nl/huurwoning/amsterdam/2054874_spaarndammerdijk,Spaarndammerdijk ,1013 ZM,1500.0,65,2,Gemeubileerd,beschikbaar
https://www.woonnet.nl/huurwoning/amsterdam/1732786_curacaostraat,Curacaostraat ,1058 BJ,1500.0,58,2,Gemeubileerd,beschikbaar
https://www.woonnet.nl/huurwoning/amsterdam/1412787_joubertstraat,Joubertstraat ,1091 XM,1600.0,63,2,Gemeubileerd,beschikbaar
https://www.woonnet.nl/huurwoning/amsterdam/1403375_plantage-muidergracht,Plantage Muidergracht ,1018 TK,1400.0,60,2,Gemeubileerd,beschikbaar
https://www.woonnet.nl/huurwoning/amsterdam/1283491_eerste-jan-steenstraat,Eerste Jan Steenstraat ,1072 NH,1500.0,63,2,Gestoffeerd,beschikbaar
https://www.woonnet.nl/huurwoning/amsterdam/1151068_nida-senffstraat,Nida Senffstraat ,1095,1500.0,67,2,Gemeubileerd,beschikbaar
https://www.woonnet.nl/huurwoning/amsterdam/914737_de-wittenkade,De Wittenkade ,1051 BE,1495.0,55,99,onbekend,onbekend
https://www.woonnet.nl/huurwoning/amsterdam/686116_jacob-van-lennepstraat,Jacob Van Lennepstraat ,1053 HA,1550.0,70,99,Per direct beschikbaar,gratis!</span>
https://www.woonnet.nl/huurwoning/amsterdam/1171_westerkade,Westerkade ,1015 XA,1600.0,55,2,Gemeubileerd,beschikbaar
